Timestamp_UNIX,Human_Time,VG4 Cham 1 Pressure
1775654373.0808966,2026-04-08 14:19:33.080897,6.810000119372717e-09
1775654375.1268568,2026-04-08 14:19:35.126857,6.750000114408294e-09
1775654377.206112,2026-04-08 14:19:37.206112,6.800000118545313e-09
1775654379.269366,2026-04-08 14:19:39.269366,6.810000119372717e-09
1775654381.2997015,2026-04-08 14:19:41.299701,6.810000119372717e-09
1775654383.3484166,2026-04-08 14:19:43.348417,6.7800001168905055e-09
1775654385.3975472,2026-04-08 14:19:45.397547,6.7800001168905055e-09
1775654387.4577253,2026-04-08 14:19:47.457725,7.780000288448718e-08
1775654389.5167692,2026-04-08 14:19:49.516769,6.790000117717909e-09
1775654391.5801158,2026-04-08 14:19:51.580116,6.810000119372717e-09
1775654393.6437156,2026-04-08 14:19:53.643716,6.7800001168905055e-09
1775654395.6614037,2026-04-08 14:19:55.661404,6.740000113580891e-09
1775654397.7238138,2026-04-08 14:19:57.723814,6.790000117717909e-09
1775654399.7775095,2026-04-08 14:19:59.777509,6.82000012020012e-09
1775654401.8295746,2026-04-08 14:20:01.829575,6.82000012020012e-09
1775654403.8628976,2026-04-08 14:20:03.862898,6.860000123509735e-09
1775654405.9249513,2026-04-08 14:20:05.924951,6.790000117717909e-09
1775654407.974,2026-04-08 14:20:07.974000,6.82000012020012e-09
1775654410.017041,2026-04-08 14:20:10.017041,6.860000123509735e-09
1775654412.0720317,2026-04-08 14:20:12.072032,6.800000118545313e-09
1775654414.1420436,2026-04-08 14:20:14.142044,6.750000114408294e-09
1775654416.208883,2026-04-08 14:20:16.208883,6.790000117717909e-09
1775654418.269959,2026-04-08 14:20:18.269959,6.8500001226823315e-09
1775654420.331553,2026-04-08 14:20:20.331553,6.730000112753487e-09
1775654422.3781059,2026-04-08 14:20:22.378106,6.830000121027524e-09
1775654424.4265718,2026-04-08 14:20:24.426572,6.82000012020012e-09
1775654426.456313,2026-04-08 14:20:26.456313,6.770000116063102e-09
1775654428.5026517,2026-04-08 14:20:28.502652,6.830000121027524e-09
1775654430.56795,2026-04-08 14:20:30.567950,6.800000118545313e-09
1775654432.6135654,2026-04-08 14:20:32.613565,6.8500001226823315e-09
1775654434.6581333,2026-04-08 14:20:34.658133,6.7800001168905055e-09
1775654436.7208018,2026-04-08 14:20:36.720802,6.8500001226823315e-09
1775654438.7730334,2026-04-08 14:20:38.773033,6.810000119372717e-09
1775654440.8194637,2026-04-08 14:20:40.819464,6.7800001168905055e-09
1775654442.8795981,2026-04-08 14:20:42.879598,6.8500001226823315e-09
1775654444.9405656,2026-04-08 14:20:44.940566,6.800000118545313e-09
1775654446.9867787,2026-04-08 14:20:46.986779,6.82000012020012e-09
1775654449.0285928,2026-04-08 14:20:49.028593,6.790000117717909e-09
1775654451.07964,2026-04-08 14:20:51.079640,6.790000117717909e-09
1775654453.1291742,2026-04-08 14:20:53.129174,6.82000012020012e-09
1775654455.1467478,2026-04-08 14:20:55.146748,6.800000118545313e-09
1775654457.2065823,2026-04-08 14:20:57.206582,6.800000118545313e-09
1775654459.257978,2026-04-08 14:20:59.257978,6.790000117717909e-09
1775654461.3007355,2026-04-08 14:21:01.300735,6.790000117717909e-09
1775654463.3634694,2026-04-08 14:21:03.363469,6.770000116063102e-09
1775654465.4090395,2026-04-08 14:21:05.409039,6.840000121854928e-09
1775654467.4882534,2026-04-08 14:21:07.488253,6.830000121027524e-09
1775654469.5490878,2026-04-08 14:21:09.549088,6.810000119372717e-09
1775654471.611264,2026-04-08 14:21:11.611264,6.800000118545313e-09
1775654473.6576202,2026-04-08 14:21:13.657620,6.830000121027524e-09
1775654475.7239373,2026-04-08 14:21:15.723937,6.800000118545313e-09
1775654477.7694447,2026-04-08 14:21:17.769445,6.8500001226823315e-09
1775654479.8144603,2026-04-08 14:21:19.814460,6.8500001226823315e-09
1775654481.865215,2026-04-08 14:21:21.865215,6.810000119372717e-09
1775654483.913574,2026-04-08 14:21:23.913574,6.840000121854928e-09
1775654485.9582956,2026-04-08 14:21:25.958296,6.730000112753487e-09
1775654488.004359,2026-04-08 14:21:28.004359,6.8500001226823315e-09
1775654490.052847,2026-04-08 14:21:30.052847,6.800000118545313e-09
1775654492.1120698,2026-04-08 14:21:32.112070,6.830000121027524e-09
1775654494.1623027,2026-04-08 14:21:34.162303,6.870000124337139e-09
1775654496.2212412,2026-04-08 14:21:36.221241,6.82000012020012e-09
1775654498.2722306,2026-04-08 14:21:38.272231,6.840000121854928e-09
1775654500.3161676,2026-04-08 14:21:40.316168,6.770000116063102e-09
1775654502.378139,2026-04-08 14:21:42.378139,6.760000115235698e-09
1775654504.4119987,2026-04-08 14:21:44.411999,6.7800001168905055e-09
1775654506.4581323,2026-04-08 14:21:46.458132,6.82000012020012e-09
1775654508.4925432,2026-04-08 14:21:48.492543,6.830000121027524e-09
1775654510.552573,2026-04-08 14:21:50.552573,6.810000119372717e-09
1775654512.610624,2026-04-08 14:21:52.610624,6.810000119372717e-09
1775654514.6770873,2026-04-08 14:21:54.677087,6.830000121027524e-09
1775654516.7560997,2026-04-08 14:21:56.756100,6.8500001226823315e-09
1775654518.789172,2026-04-08 14:21:58.789172,6.8500001226823315e-09
1775654520.8506186,2026-04-08 14:22:00.850619,6.840000121854928e-09
1775654522.9288406,2026-04-08 14:22:02.928841,6.830000121027524e-09
1775654524.9720411,2026-04-08 14:22:04.972041,6.800000118545313e-09
1775654527.0365195,2026-04-08 14:22:07.036520,6.800000118545313e-09
1775654529.0570526,2026-04-08 14:22:09.057053,6.790000117717909e-09
1775654531.099184,2026-04-08 14:22:11.099184,6.800000118545313e-09
1775654533.147386,2026-04-08 14:22:13.147386,6.8500001226823315e-09
1775654535.174496,2026-04-08 14:22:15.174496,6.8500001226823315e-09
1775654537.2215114,2026-04-08 14:22:17.221511,6.790000117717909e-09
1775654539.284685,2026-04-08 14:22:19.284685,6.750000114408294e-09
1775654541.3156426,2026-04-08 14:22:21.315643,6.9200001284741575e-09
1775654543.3464346,2026-04-08 14:22:23.346435,6.750000114408294e-09
1775654545.3956275,2026-04-08 14:22:25.395627,6.800000118545313e-09
1775654547.4436457,2026-04-08 14:22:27.443646,6.840000121854928e-09
1775654549.4860616,2026-04-08 14:22:29.486062,6.790000117717909e-09
1775654551.5537548,2026-04-08 14:22:31.553755,6.82000012020012e-09
1775654553.597932,2026-04-08 14:22:33.597932,6.860000123509735e-09
1775654555.6596944,2026-04-08 14:22:35.659694,6.770000116063102e-09
1775654557.6912594,2026-04-08 14:22:37.691259,6.810000119372717e-09
1775654559.752457,2026-04-08 14:22:39.752457,6.82000012020012e-09
1775654561.7936788,2026-04-08 14:22:41.793679,6.82000012020012e-09
1775654563.8501072,2026-04-08 14:22:43.850107,6.82000012020012e-09
1775654565.9093256,2026-04-08 14:22:45.909326,6.800000118545313e-09
1775654567.9608822,2026-04-08 14:22:47.960882,6.82000012020012e-09
1775654570.02166,2026-04-08 14:22:50.021660,6.82000012020012e-09
1775654572.0965314,2026-04-08 14:22:52.096531,6.830000121027524e-09
1775654574.144194,2026-04-08 14:22:54.144194,6.810000119372717e-09
1775654576.19234,2026-04-08 14:22:56.192340,6.8500001226823315e-09
1775654578.2363243,2026-04-08 14:22:58.236324,6.810000119372717e-09
1775654580.287665,2026-04-08 14:23:00.287665,6.890000125991946e-09
1775654582.3311105,2026-04-08 14:23:02.331110,6.890000125991946e-09
1775654584.379641,2026-04-08 14:23:04.379641,6.8500001226823315e-09
1775654586.424894,2026-04-08 14:23:06.424894,6.810000119372717e-09
1775654588.5020196,2026-04-08 14:23:08.502020,6.840000121854928e-09
1775654590.549365,2026-04-08 14:23:10.549365,6.790000117717909e-09
1775654592.59988,2026-04-08 14:23:12.599880,6.82000012020012e-09
1775654594.6606517,2026-04-08 14:23:14.660652,6.840000121854928e-09
1775654596.740985,2026-04-08 14:23:16.740985,6.8500001226823315e-09
1775654598.8171237,2026-04-08 14:23:18.817124,6.989999690176774e-08
1775654600.8777149,2026-04-08 14:23:20.877715,6.8500001226823315e-09
1775654602.9423006,2026-04-08 14:23:22.942301,6.790000117717909e-09
1775654605.005737,2026-04-08 14:23:25.005737,6.840000121854928e-09
1775654607.0331302,2026-04-08 14:23:27.033130,6.840000121854928e-09
1775654609.0848577,2026-04-08 14:23:29.084858,6.810000119372717e-09
1775654611.1440825,2026-04-08 14:23:31.144083,6.810000119372717e-09
1775654613.2107592,2026-04-08 14:23:33.210759,6.840000121854928e-09
1775654615.2537768,2026-04-08 14:23:35.253777,6.8500001226823315e-09
1775654617.3018196,2026-04-08 14:23:37.301820,6.8500001226823315e-09
1775654619.3458192,2026-04-08 14:23:39.345819,6.840000121854928e-09
1775654621.3930147,2026-04-08 14:23:41.393015,6.810000119372717e-09
1775654623.4715142,2026-04-08 14:23:43.471514,6.82000012020012e-09
1775654625.5177128,2026-04-08 14:23:45.517713,6.82000012020012e-09
1775654627.5655193,2026-04-08 14:23:47.565519,6.830000121027524e-09
1775654629.6110706,2026-04-08 14:23:49.611071,6.7800001168905055e-09
1775654631.678305,2026-04-08 14:23:51.678305,6.750000114408294e-09
1775654633.721626,2026-04-08 14:23:53.721626,6.830000121027524e-09
1775654648.939991,2026-04-08 14:24:08.939991,6.8e-09
1775654649.552263,2026-04-08 14:24:09.552263,6.82e-09
1775654650.1615403,2026-04-08 14:24:10.161540,6.88e-09
1775654650.7472978,2026-04-08 14:24:10.747298,6.85e-09
1775654651.3623686,2026-04-08 14:24:11.362369,6.83e-09
1775654651.9841907,2026-04-08 14:24:11.984191,6.83e-09
1775654652.5778594,2026-04-08 14:24:12.577859,6.83e-09
1775654653.174666,2026-04-08 14:24:13.174666,6.83e-09
1775654653.7861269,2026-04-08 14:24:13.786127,6.9e-09
1775654654.4008315,2026-04-08 14:24:14.400831,6.84e-09
1775654654.998569,2026-04-08 14:24:14.998569,6.87e-09
1775654655.5998633,2026-04-08 14:24:15.599863,6.85e-09
1775654656.200583,2026-04-08 14:24:16.200583,6.82e-09
1775654656.809761,2026-04-08 14:24:16.809761,6.85e-09
1775654657.401374,2026-04-08 14:24:17.401374,6.87e-09
1775654658.013543,2026-04-08 14:24:18.013543,6.84e-09
1775654658.7940083,2026-04-08 14:24:18.794008,6.86e-09
1775654659.6055703,2026-04-08 14:24:19.605570,6.83e-09
1775654660.2062361,2026-04-08 14:24:20.206236,6.83e-09
1775654660.818651,2026-04-08 14:24:20.818651,6.83e-09
1775654661.4330523,2026-04-08 14:24:21.433052,6.83e-09
1775654662.0309618,2026-04-08 14:24:22.030962,6.81e-09
1775654662.6314166,2026-04-08 14:24:22.631417,6.89e-09
1775654663.2457545,2026-04-08 14:24:23.245754,6.89e-09
1775654663.8599997,2026-04-08 14:24:23.860000,6.85e-09
1775654664.45904,2026-04-08 14:24:24.459040,6.84e-09
1775654665.0625772,2026-04-08 14:24:25.062577,6.84e-09
1775654665.667941,2026-04-08 14:24:25.667941,6.88e-09
1775654666.2673762,2026-04-08 14:24:26.267376,6.85e-09
1775654666.864632,2026-04-08 14:24:26.864632,6.85e-09
1775654667.477968,2026-04-08 14:24:27.477968,6.85e-09
1775654668.090664,2026-04-08 14:24:28.090664,6.84e-09
1775654668.6896977,2026-04-08 14:24:28.689698,6.82e-09
1775654669.2874753,2026-04-08 14:24:29.287475,6.82e-09
1775654669.899878,2026-04-08 14:24:29.899878,6.78e-09
1775654670.512334,2026-04-08 14:24:30.512334,6.87e-09
1775654671.1076283,2026-04-08 14:24:31.107628,6.85e-09
1775654671.7092245,2026-04-08 14:24:31.709224,6.91e-09
1775654672.3312225,2026-04-08 14:24:32.331223,6.82e-09
